,,Trusted By:,,,,
Outlet,URL,Consistently Liberal,Mostly Liberal,Mixed,Mostly Conservative,Consistently Conservative
The Economist,www.economist.com,High,High,High,High,Medium
BBC,www.bbc.com/news,High,High,High,High,Medium
NPR,www.npr.org,High,High,High,Medium,Low
PBS,www.pbs.org,High,High,High,Medium,Low
The Wall Street Journal,www.wsj.com,High,High,High,High,High
ABC News,www.abcnews.go.com,High,High,High,High,Low
CBS News,www.cbsnews.com,High,High,High,Medium,Low
NBC News,www.nbcnews.com,High,High,High,Medium,Low
CNN,www.cnn.com,High,High,High,Medium,Low
USA TODAY,www.usatoday.com,High,High,High,High,Low
Google News,news.google.com,High,High,High,High,Medium
The Blaze,www.theblaze.com,Low,Low,Medium,High,High
The New York Times,www.nytimes.com,High,High,High,Low,Low
The Washington Post,www.washingtonpost.com,High,High,High,Low,Low
MSNBC,www.msnbc.com,High,High,High,Low,Low
The Guardian,www.theguardian.com,High,High,Medium,Medium,Medium
Bloomberg,www.bloomberg.com,High,High,High,Medium,Low
The New Yorker,www.newyorker.com,High,High,High,Low,Low
Politico,www.politico.com,High,High,Medium,Low,Low
Yahoo News,www.yahoo.com/news,High,High,Medium,Medium,Low
Fox News,www.foxnews.com,Low,Low,High,High,High
Mother Jones,www.motherjones.com,High,High,Medium,Low,Low
Slate,www.slate.com,High,High,Medium,Low,Low
Breitbart,www.breitbart.com,Low,Low,Medium,High,High
The Huffington Post,www.huffingtonpost.com,High,High,Medium,Low,Low
ThinkProgress,thinkprogress.org,High,Medium,Medium,Low,Low
Drudge Report,www.drudgereport.com,Low,Low,Medium,High,High
Daily Kos,www.dailykos.com,High,Medium,Low,Low,Low
The Sean Hannity Show,www.hannity.com,Low,Low,Low,High,High
Al Jazeera America,www.aljazeera.com,High,Medium,Low,Low,Low
The Ed Shultz Show,wegoted.com,High,Medium,Low,Low,Low
The Glenn Beck Program,www.glennbeck.com,Low,Low,Low,High,High
The Rush Limaugh Show,www.rushlimbaugh.com,Low,Low,Low,Medium,High
BuzzFeed,www.buzzfeed.com,Low,Low,Low,Low,Low
